Title,Content
Machine Learning Basics,Machine learning is a field of artificial intelligence that allows computers to learn patterns from data and make predictions without being explicitly programmed.
Deep Learning Guide,Deep learning is a subset of machine learning that uses neural networks with many layers to analyze complex patterns in data.
Artificial Intelligence Introduction,Artificial intelligence focuses on building systems that can perform tasks that normally require human intelligence such as reasoning and learning.
Python for Data Science,Python is one of the most popular programming languages used for data science machine learning and artificial intelligence projects.
Neural Networks Explained,Neural networks are computational models inspired by the human brain and are widely used in deep learning applications.
Natural Language Processing Basics,Natural language processing enables computers to understand interpret and generate human language.
Computer Vision Introduction,Computer vision allows machines to interpret and understand visual information from images and videos.
Data Science Fundamentals,Data science combines statistics programming and domain knowledge to extract meaningful insights from data.
Supervised Learning Explained,Supervised learning is a type of machine learning where models are trained on labeled data to make predictions.
Unsupervised Learning Guide,Unsupervised learning finds patterns in data without using labeled examples such as clustering and association.
Reinforcement Learning Basics,Reinforcement learning trains agents to make decisions by rewarding good actions and penalizing bad ones.
Big Data Analytics,Big data analytics focuses on processing and analyzing very large datasets to discover patterns and insights.
Feature Engineering Techniques,Feature engineering involves creating meaningful input features that improve machine learning model performance.
Model Evaluation Methods,Model evaluation helps determine how well a machine learning model performs using metrics such as accuracy precision and recall.
Data Visualization Techniques,Data visualization helps present complex data insights using charts graphs and visual storytelling.
Deep Learning Applications,Deep learning is used in applications like speech recognition image classification and autonomous driving.
AI in Healthcare,Artificial intelligence is transforming healthcare by enabling early disease detection and personalized treatment plans.
Recommendation Systems Explained,Recommendation systems suggest products movies or articles to users based on their preferences and behavior.
Chatbot Development Basics,Chatbots use natural language processing and machine learning to interact with users and answer questions.
Future of Artificial Intelligence,The future of artificial intelligence includes advancements in robotics automation and intelligent decision making systems.
